Question,Expertise,Role
hi,Design Expert,Chuyên gia về thiết kế bài giảng Microlearning
hi,Evaluation Expert,Chuyên gia về thiết kế bài giảng Microlearning
hi,Communitation Expert,Chuyên gia truyền thông
chào,Design Expert,Chuyên gia về thiết kế bài giảng Microlearning
chào ,Evaluation Expert,Chuyên gia về thiết kế bài giảng Microlearning
chào,Communitation Expert,Chuyên gia truyền thông
giới thiệu,Design Expert,Chuyên gia về thiết kế bài giảng Microlearning
giới thiệu,Evaluation Expert,Chuyên gia về thiết kế bài giảng Microlearning
giới thiệu,Communitation Expert,Chuyên gia truyền thông
Thiết kế một bài giảng Microlearning như thế nào?,Design Expert,Chuyên gia về thiết kế bài giảng Microlearning
Cách đánh giá chất lượng bài giảng Microlearning?,Design Expert,Chuyên gia về thiết kế bài giảng Microlearning
Làm sao để tạo nội dung quảng cáo hấp dẫn cho bài giảng Microlearning?,Design Expert,Chuyên gia về thiết kế bài giảng Microlearning
Cần những gì để tạo một khóa học Microlearning hiệu quả?,Design Expert,Chuyên gia về thiết kế bài giảng Microlearning
Làm thế nào để đánh giá hiệu quả của một khóa học Microlearning?,Design Expert,Chuyên gia về thiết kế bài giảng Microlearning
Microlearning là gì?,Design Expert,Chuyên gia về thiết kế bài giảng Microlearning
Cấu trúc microlearning,Design Expert,Chuyên gia về thiết kế bài giảng Microlearning
Cấu trúc của một bài học microlearning gồm những gì?,Design Expert,Chuyên gia về thiết kế bài giảng Microlearning
Mục tiêu của microlearning là gì?,Design Expert,Chuyên gia về thiết kế bài giảng Microlearning
Ưu điểm của microlearning so với hình thức học truyền thống là gì?,Design Expert,Chuyên gia về thiết kế bài giảng Microlearning
Nhược điểm của microlearning là gì?,Design Expert,Chuyên gia về thiết kế bài giảng Microlearning
Microlearning phù hợp với loại học viên nào?,Design Expert,Chuyên gia về thiết kế bài giảng Microlearning
Đối tượng nào nên sử dụng microlearning?,Design Expert,Chuyên gia về thiết kế bài giảng Microlearning
Xây dựng nội dung bài microlearning,Design Expert,Chuyên gia về thiết kế bài giảng Microlearning
Cách xây dựng nội dung cho bài học microlearning?,Design Expert,Chuyên gia về thiết kế bài giảng Microlearning
Mô hình microlearning phổ biến nhất là gì?,Design Expert,Chuyên gia về thiết kế bài giảng Microlearning
Microlearning có thể áp dụng trong những lĩnh vực nào?,Design Expert,Chuyên gia về thiết kế bài giảng Microlearning
Microlearning có thể kết hợp với hình thức học nào khác?,Design Expert,Chuyên gia về thiết kế bài giảng Microlearning
Microlearning có thể sử dụng công nghệ nào để triển khai?,Design Expert,Chuyên gia về thiết kế bài giảng Microlearning
Cách đánh giá hiệu quả của bài giảng microlearning?,Design Expert,Chuyên gia về thiết kế bài giảng Microlearning
Cách thiết kế bài giảng microlearning hấp dẫn?,Design Expert,Chuyên gia về thiết kế bài giảng Microlearning
Bài giảng microlearning nên kéo dài trong bao lâu?,Design Expert,Chuyên gia về thiết kế bài giảng Microlearning
Các yếu tố quan trọng khi thiết kế bài giảng microlearning là gì?,Design Expert,Chuyên gia về thiết kế bài giảng Microlearning
Cách sắp xếp thông tin trong bài giảng microlearning sao cho hiệu quả?,Design Expert,Chuyên gia về thiết kế bài giảng Microlearning
Microlearning có thể ứng dụng trong môi trường học trực tuyến như thế nào?,Design Expert,Chuyên gia về thiết kế bài giảng Microlearning
Microlearning và mobile learning có điểm gì khác biệt?,Design Expert,Chuyên gia về thiết kế bài giảng Microlearning
Cách thiết kế bài giảng microlearning tương tác?,Design Expert,Chuyên gia về thiết kế bài giảng Microlearning
Cách tạo động lực cho học viên trong bài giảng microlearning?,Design Expert,Chuyên gia về thiết kế bài giảng Microlearning
"Vai trò của hình ảnh, video trong bài giảng microlearning?",Design Expert,Chuyên gia về thiết kế bài giảng Microlearning
Microlearning có thể áp dụng cho nhóm lớn học viên như thế nào?,Design Expert,Chuyên gia về thiết kế bài giảng Microlearning
Cách kết hợp nhiều bài học microlearning vào một khóa học?,Design Expert,Chuyên gia về thiết kế bài giảng Microlearning
Lợi ích của việc sử dụng microlearning trong đào tạo doanh nghiệp?,Design Expert,Chuyên gia về thiết kế bài giảng Microlearning
Microlearning có thể hỗ trợ học viên tự học như thế nào?,Design Expert,Chuyên gia về thiết kế bài giảng Microlearning
Cách tạo điểm nhấn trong bài giảng microlearning?,Design Expert,Chuyên gia về thiết kế bài giảng Microlearning
Cách tạo bài giảng microlearning phù hợp với các kiểu học khác nhau?,Design Expert,Chuyên gia về thiết kế bài giảng Microlearning
"Nguyên tắc ""ít hơn là nhiều"" trong microlearning được hiểu như thế nào?",Design Expert,Chuyên gia về thiết kế bài giảng Microlearning
Cách tạo bài giảng microlearning cho người mới học?,Design Expert,Chuyên gia về thiết kế bài giảng Microlearning
Vì sao microlearning lại phù hợp với thời đại số hóa?,Design Expert,Chuyên gia về thiết kế bài giảng Microlearning
Cách tạo bài giảng microlearning hỗ trợ việc học lifelong learning?,Design Expert,Chuyên gia về thiết kế bài giảng Microlearning
Cách tạo bài giảng microlearning tập trung vào kỹ năng?,Design Expert,Chuyên gia về thiết kế bài giảng Microlearning
Cách áp dụng microlearning trong đào tạo quản lý?,Design Expert,Chuyên gia về thiết kế bài giảng Microlearning
Cách áp dụng microlearning trong đào tạo kỹ năng mềm?,Design Expert,Chuyên gia về thiết kế bài giảng Microlearning
Microlearning có thể áp dụng trong đào tạo kỹ năng cứng như thế nào?,Design Expert,Chuyên gia về thiết kế bài giảng Microlearning
"Cách tạo bài giảng microlearning theo mô hình ""học đi đôi với hành""?",Design Expert,Chuyên gia về thiết kế bài giảng Microlearning
Cách kết hợp microlearning và gamification trong thiết kế bài giảng?,Design Expert,Chuyên gia về thiết kế bài giảng Microlearning
Cách tạo bài giảng microlearning đa phương tiện?,Design Expert,Chuyên gia về thiết kế bài giảng Microlearning
Microlearning có thể giúp học viên tiếp cận với thông tin nhanh chóng như thế nào?,Design Expert,Chuyên gia về thiết kế bài giảng Microlearning
Cách tạo bài giảng microlearning theo phương pháp học sâu (deep learning)?,Design Expert,Chuyên gia về thiết kế bài giảng Microlearning
Cách tạo bài giảng microlearning theo phương pháp học nhóm?,Design Expert,Chuyên gia về thiết kế bài giảng Microlearning
Cách tạo bài giảng microlearning phù hợp với môi trường học không ổn định?,Design Expert,Chuyên gia về thiết kế bài giảng Microlearning
Microlearning có thể ứng dụng vào môi trường học trực tuyến như thế nào?,Design Expert,Chuyên gia về thiết kế bài giảng Microlearning
Cách tạo bài giảng microlearning phù hợp với từng mức độ học viên?,Design Expert,Chuyên gia về thiết kế bài giảng Microlearning
Cách sử dụng công cụ AI trong việc tạo bài giảng microlearning?,Design Expert,Chuyên gia về thiết kế bài giảng Microlearning
Cách kết hợp microlearning và AR/VR trong thiết kế bài giảng?,Design Expert,Chuyên gia về thiết kế bài giảng Microlearning
Làm thế nào để tạo sự liên kết giữa các bài giảng microlearning trong một khóa học?,Design Expert,Chuyên gia về thiết kế bài giảng Microlearning
Cách tạo bài giảng microlearning hỗ trợ việc phát triển kỹ năng suy nghĩ phản biện?,Design Expert,Chuyên gia về thiết kế bài giảng Microlearning
Cách tạo bài giảng microlearning hỗ trợ việc phát triển kỹ năng giải quyết vấn đề?,Design Expert,Chuyên gia về thiết kế bài giảng Microlearning
Làm sao để tạo ra bài giảng microlearning hấp dẫn như một câu chuyện?,Design Expert,Chuyên gia về thiết kế bài giảng Microlearning
Cách tạo bài giảng microlearning theo phương pháp học qua trải nghiệm?,Design Expert,Chuyên gia về thiết kế bài giảng Microlearning
Microlearning có thể hỗ trợ việc học theo dự án như thế nào?,Design Expert,Chuyên gia về thiết kế bài giảng Microlearning
Cách áp dụng microlearning trong đào tạo chuyên sâu?,Design Expert,Chuyên gia về thiết kế bài giảng Microlearning
Cách áp dụng microlearning trong đào tạo nhanh (fast-track training)?,Design Expert,Chuyên gia về thiết kế bài giảng Microlearning
Cách tạo bài giảng microlearning theo phong cách tự học (self-study)?,Design Expert,Chuyên gia về thiết kế bài giảng Microlearning
Làm sao để đánh giá mức độ tiếp thu thông tin của học viên sau mỗi bài giảng microlearning?,Design Expert,Chuyên gia về thiết kế bài giảng Microlearning
Cách tạo bài giảng microlearning theo phong cách học lý thuyết thông qua thực hành?,Design Expert,Chuyên gia về thiết kế bài giảng Microlearning
Cách tạo bài giảng microlearning phù hợp với học viên từ nhiều nền văn hóa khác nhau?,Design Expert,Chuyên gia về thiết kế bài giảng Microlearning
Cách sử dụng microlearning để phát triển kỹ năng giao tiếp?,Design Expert,Chuyên gia về thiết kế bài giảng Microlearning
Cách tạo bài giảng microlearning để phát triển kỹ năng lãnh đạo?,Design Expert,Chuyên gia về thiết kế bài giảng Microlearning
Cách áp dụng microlearning trong đào tạo kỹ năng bán hàng?,Design Expert,Chuyên gia về thiết kế bài giảng Microlearning
Cách áp dụng microlearning trong đào tạo kỹ năng phân tích dữ liệu?,Design Expert,Chuyên gia về thiết kế bài giảng Microlearning
Cách tạo bài giảng microlearning hỗ trợ việc học theo chủ đề?,Design Expert,Chuyên gia về thiết kế bài giảng Microlearning
Cách tạo bài giảng microlearning để hỗ trợ việc ôn tập?,Design Expert,Chuyên gia về thiết kế bài giảng Microlearning
Cách tạo bài giảng microlearning để hỗ trợ việc học mới?,Design Expert,Chuyên gia về thiết kế bài giảng Microlearning
Cách tạo bài giảng microlearning để hỗ trợ việc học ngữ pháp?,Design Expert,Chuyên gia về thiết kế bài giảng Microlearning
Cách tạo bài giảng microlearning để hỗ trợ việc học từ vựng?,Design Expert,Chuyên gia về thiết kế bài giảng Microlearning
Cách tạo bài giảng microlearning để hỗ trợ việc học phát âm?,Design Expert,Chuyên gia về thiết kế bài giảng Microlearning
Cách tạo bài giảng microlearning để hỗ trợ việc học kỹ năng nghe?,Design Expert,Chuyên gia về thiết kế bài giảng Microlearning
Cách tạo bài giảng microlearning để hỗ trợ việc học kỹ năng đọc?,Design Expert,Chuyên gia về thiết kế bài giảng Microlearning
Cách tạo bài giảng microlearning để hỗ trợ việc học kỹ năng viết?,Design Expert,Chuyên gia về thiết kế bài giảng Microlearning
Cách tạo bài giảng microlearning để hỗ trợ việc học kỹ năng nói?,Design Expert,Chuyên gia về thiết kế bài giảng Microlearning
Cách tạo bài giảng microlearning theo mô hình flipped classroom?,Design Expert,Chuyên gia về thiết kế bài giảng Microlearning
Cách tạo bài giảng microlearning theo mô hình blended learning?,Design Expert,Chuyên gia về thiết kế bài giảng Microlearning
Cách tạo bài giảng microlearning theo mô hình project-based learning?,Design Expert,Chuyên gia về thiết kế bài giảng Microlearning
Cách áp dụng microlearning trong đào tạo phương pháp giảng dạy?,Design Expert,Chuyên gia về thiết kế bài giảng Microlearning
Cách áp dụng microlearning trong đào tạo tâm lý học?,Design Expert,Chuyên gia về thiết kế bài giảng Microlearning
Cách áp dụng microlearning trong đào tạo kinh doanh?,Design Expert,Chuyên gia về thiết kế bài giảng Microlearning
Cách áp dụng microlearning trong đào tạo marketing?,Design Expert,Chuyên gia về thiết kế bài giảng Microlearning
Cách áp dụng microlearning trong đào tạo quản lý dự án?,Design Expert,Chuyên gia về thiết kế bài giảng Microlearning
Cách áp dụng microlearning trong đào tạo lập trình?,Design Expert,Chuyên gia về thiết kế bài giảng Microlearning
Cách áp dụng microlearning trong đào tạo thiết kế đồ họa?,Design Expert,Chuyên gia về thiết kế bài giảng Microlearning
Cách áp dụng microlearning trong đào tạo nhiếp ảnh?,Design Expert,Chuyên gia về thiết kế bài giảng Microlearning
Cách áp dụng microlearning trong đào tạo viết lách?,Design Expert,Chuyên gia về thiết kế bài giảng Microlearning
Cách áp dụng microlearning trong đào tạo y tế?,Design Expert,Chuyên gia về thiết kế bài giảng Microlearning
Cách áp dụng microlearning trong đào tạo ngành du lịch?,Design Expert,Chuyên gia về thiết kế bài giảng Microlearning
Cách áp dụng microlearning trong đào tạo ngành nghệ thuật?,Design Expert,Chuyên gia về thiết kế bài giảng Microlearning
Cách áp dụng microlearning trong đào tạo ngành thể dục thể thao?,Design Expert,Chuyên gia về thiết kế bài giảng Microlearning
Cách áp dụng microlearning trong đào tạo ngành nhà hàng khách sạn?,Design Expert,Chuyên gia về thiết kế bài giảng Microlearning
Cách áp dụng microlearning trong đào tạo ngành kế toán?,Design Expert,Chuyên gia về thiết kế bài giảng Microlearning
Cách áp dụng microlearning trong đào tạo ngành tài chính ngân hàng?,Design Expert,Chuyên gia về thiết kế bài giảng Microlearning
Cách áp dụng microlearning trong đào tạo ngành văn học?,Design Expert,Chuyên gia về thiết kế bài giảng Microlearning
Cách áp dụng microlearning trong đào tạo ngành công nghệ thông tin?,Design Expert,Chuyên gia về thiết kế bài giảng Microlearning
Cách áp dụng microlearning trong đào tạo ngành giáo dục?,Design Expert,Chuyên gia về thiết kế bài giảng Microlearning
Cách áp dụng microlearning trong đào tạo ngành luật?,Design Expert,Chuyên gia về thiết kế bài giảng Microlearning
Cách áp dụng microlearning trong đào tạo ngành quản trị nhân lực?,Design Expert,Chuyên gia về thiết kế bài giảng Microlearning
Cách áp dụng microlearning trong đào tạo ngành xây dựng?,Design Expert,Chuyên gia về thiết kế bài giảng Microlearning
Cách áp dụng microlearning trong đào tạo ngành nông nghiệp?,Design Expert,Chuyên gia về thiết kế bài giảng Microlearning
Cách áp dụng microlearning trong đào tạo ngành khoa học môi trường?,Design Expert,Chuyên gia về thiết kế bài giảng Microlearning
Mục tiêu học tập của bài giảng microlearning là gì?,Evaluation Expert,Chuyên gia về thiết kế bài giảng Microlearning
Bài giảng có đáp ứng nhu cầu học tập cụ thể của học viên không?,Evaluation Expert,Chuyên gia về thiết kế bài giảng Microlearning
Nội dung bài giảng có phù hợp với mục tiêu học tập không?,Evaluation Expert,Chuyên gia về thiết kế bài giảng Microlearning
Bài giảng có chia thành các phần nhỏ để dễ hiểu không?,Evaluation Expert,Chuyên gia về thiết kế bài giảng Microlearning
"Bài giảng có sử dụng đủ các phương tiện truyền thông học tập khác nhau không (văn bản, hình ảnh, video, etc.)?",Evaluation Expert,Chuyên gia về thiết kế bài giảng Microlearning
Các ví dụ sử dụng trong bài giảng có liên quan không?,Evaluation Expert,Chuyên gia về thiết kế bài giảng Microlearning
Có phản hồi tức thì sau khi hoàn thành bài học không?,Evaluation Expert,Chuyên gia về thiết kế bài giảng Microlearning
Có đánh giá trực quan về tiến trình học tập không?,Evaluation Expert,Chuyên gia về thiết kế bài giảng Microlearning
Bài giảng có sử dụng ngôn ngữ đơn giản và dễ hiểu không?,Evaluation Expert,Chuyên gia về thiết kế bài giảng Microlearning
Các thông tin quan trọng có được nhấn mạnh không?,Evaluation Expert,Chuyên gia về thiết kế bài giảng Microlearning
Bài giảng có cung cấp thông tin nền tảng không?,Evaluation Expert,Chuyên gia về thiết kế bài giảng Microlearning
Bài giảng có sử dụng câu chuyện hoặc trường hợp thực tế để giúp học viên hiểu rõ hơn không?,Evaluation Expert,Chuyên gia về thiết kế bài giảng Microlearning
Bài giảng có kết hợp giữa kiến thức mới và kiến thức cũ không?,Evaluation Expert,Chuyên gia về thiết kế bài giảng Microlearning
Bài giảng có kích thích sự tò mò của học viên không?,Evaluation Expert,Chuyên gia về thiết kế bài giảng Microlearning
Học viên có thể tiếp cận bài giảng mọi lúc mọi nơi không?,Evaluation Expert,Chuyên gia về thiết kế bài giảng Microlearning
Bài giảng có thân thiện với thiết bị di động không?,Evaluation Expert,Chuyên gia về thiết kế bài giảng Microlearning
Cấu trúc của bài giảng có rõ ràng và dễ theo dõi không?,Evaluation Expert,Chuyên gia về thiết kế bài giảng Microlearning
Bài giảng có tính tương tác không?,Evaluation Expert,Chuyên gia về thiết kế bài giảng Microlearning
Có đánh giá sau khi kết thúc bài học không?,Evaluation Expert,Chuyên gia về thiết kế bài giảng Microlearning
Có cung cấp tài nguyên để học thêm không?,Evaluation Expert,Chuyên gia về thiết kế bài giảng Microlearning
"Bài giảng có dựa trên nguyên tắc ""Ít nhưng chất"" không?",Evaluation Expert,Chuyên gia về thiết kế bài giảng Microlearning
Bài giảng có cung cấp khả năng tự đánh giá cho học viên không?,Evaluation Expert,Chuyên gia về thiết kế bài giảng Microlearning
Bài giảng có dựa trên lý thuyết học tập hiện đại không?,Evaluation Expert,Chuyên gia về thiết kế bài giảng Microlearning
Bài giảng có đưa ra câu hỏi để thách thức học viên suy nghĩ không?,Evaluation Expert,Chuyên gia về thiết kế bài giảng Microlearning
"Bài giảng có sử dụng các phương pháp tăng cường sự nhớ không (như lặp lại, sự liên quan, v.v.)?",Evaluation Expert,Chuyên gia về thiết kế bài giảng Microlearning
"Có sử dụng hình ảnh, biểu đồ, hoặc sơ đồ để giải thích thông tin không?",Evaluation Expert,Chuyên gia về thiết kế bài giảng Microlearning
Có tạo điều kiện cho học viên tự tìm hiểu không?,Evaluation Expert,Chuyên gia về thiết kế bài giảng Microlearning
Bài giảng có khuyến khích học viên tự học không?,Evaluation Expert,Chuyên gia về thiết kế bài giảng Microlearning
Bài giảng có thực sự tập trung vào những điều học viên cần biết không?,Evaluation Expert,Chuyên gia về thiết kế bài giảng Microlearning
Có các bài tập hoặc thử thách giúp học viên ứng dụng kiến thức không?,Evaluation Expert,Chuyên gia về thiết kế bài giảng Microlearning
Microlearning là gì?,Communitation Expert,Chuyên gia truyền thông
Điểm mạnh của microlearning là gì?,Communitation Expert,Chuyên gia truyền thông
Điểm yếu của microlearning là gì?,Communitation Expert,Chuyên gia truyền thông
Cách microlearning hỗ trợ học viên là gì?,Communitation Expert,Chuyên gia truyền thông
Những loại nội dung nào thích hợp nhất cho microlearning?,Communitation Expert,Chuyên gia truyền thông
Những yếu tố nào quan trọng để tạo nên bài giảng microlearning hiệu quả?,Communitation Expert,Chuyên gia truyền thông
Làm thế nào để phân đoạn thông tin cho microlearning?,Communitation Expert,Chuyên gia truyền thông
Vì sao microlearning hiệu quả trong việc tăng cường kiến thức?,Communitation Expert,Chuyên gia truyền thông
Tại sao microlearning lại phù hợp với học trực tuyến?,Communitation Expert,Chuyên gia truyền thông
Các kỹ thuật nào có thể sử dụng để truyền thông bài giảng microlearning?,Communitation Expert,Chuyên gia truyền thông
Làm thế nào để thiết kế microlearning để tăng cường khả năng nhớ lâu dài?,Communitation Expert,Chuyên gia truyền thông
Làm thế nào để thiết kế microlearning để tăng cường sự tập trung của học viên?,Communitation Expert,Chuyên gia truyền thông
Những công cụ nào có thể sử dụng để tạo bài giảng microlearning?,Communitation Expert,Chuyên gia truyền thông
Làm thế nào để sử dụng microlearning trong việc huấn luyện doanh nghiệp?,Communitation Expert,Chuyên gia truyền thông
Làm thế nào để đánh giá hiệu quả của microlearning?,Communitation Expert,Chuyên gia truyền thông
Microlearning có ảnh hưởng như thế nào đối với sự hài lòng của học viên?,Communitation Expert,Chuyên gia truyền thông
Làm thế nào để tích hợp microlearning vào hệ thống học tập hiện tại?,Communitation Expert,Chuyên gia truyền thông
Những rào cản nào có thể gặp phải khi triển khai microlearning?,Communitation Expert,Chuyên gia truyền thông
Làm thế nào để tạo ra một bài giảng microlearning thực sự hấp dẫn?,Communitation Expert,Chuyên gia truyền thông
Làm thế nào để tối ưu hóa việc sử dụng hình ảnh trong microlearning?,Communitation Expert,Chuyên gia truyền thông
Làm thế nào để tối ưu hóa việc sử dụng âm thanh trong microlearning?,Communitation Expert,Chuyên gia truyền thông
Làm thế nào để tối ưu hóa việc sử dụng video trong microlearning?,Communitation Expert,Chuyên gia truyền thông
Làm thế nào để tối ưu hóa việc sử dụng văn bản trong microlearning?,Communitation Expert,Chuyên gia truyền thông
Microlearning có tác động như thế nào đến việc học tự động?,Communitation Expert,Chuyên gia truyền thông
Làm thế nào để kết hợp microlearning với các phương pháp học khác?,Communitation Expert,Chuyên gia truyền thông
Làm thế nào để thúc đẩy sự tham gia của học viên trong microlearning?,Communitation Expert,Chuyên gia truyền thông
Làm thế nào để khuyến khích học viên lặp lại bài giảng trong microlearning?,Communitation Expert,Chuyên gia truyền thông
Những nguyên tắc nào cần tuân thủ khi thiết kế bài giảng microlearning?,Communitation Expert,Chuyên gia truyền thông
Microlearning có thể được áp dụng trong các lĩnh vực nào?,Communitation Expert,Chuyên gia truyền thông
Làm thế nào để chọn nội dung phù hợp cho microlearning?,Communitation Expert,Chuyên gia truyền thông
Làm thế nào để tối ưu hóa thời gian học trong microlearning?,Communitation Expert,Chuyên gia truyền thông
Làm thế nào để phân chia nội dung trong microlearning?,Communitation Expert,Chuyên gia truyền thông
Những nguyên tắc nào cần tuân thủ khi truyền thông bài giảng microlearning?,Communitation Expert,Chuyên gia truyền thông
Làm thế nào để tăng cường sự hiểu biết của học viên thông qua microlearning?,Communitation Expert,Chuyên gia truyền thông
Làm thế nào để tạo ra sự thú vị trong bài giảng microlearning?,Communitation Expert,Chuyên gia truyền thông
Làm thế nào để đảm bảo rằng bài giảng microlearning không bị mất đi ý nghĩa vì quá ngắn?,Communitation Expert,Chuyên gia truyền thông
Làm thế nào để đánh giá hiệu quả của microlearning từ phía học viên?,Communitation Expert,Chuyên gia truyền thông
Làm thế nào để kiểm tra sự tiến bộ của học viên trong microlearning?,Communitation Expert,Chuyên gia truyền thông
Những lợi ích của việc sử dụng công nghệ trong microlearning là gì?,Communitation Expert,Chuyên gia truyền thông
Những rủi ro của việc sử dụng công nghệ trong microlearning là gì?,Communitation Expert,Chuyên gia truyền thông
Làm thế nào để tích hợp microlearning vào lộ trình học tập cá nhân của học viên?,Communitation Expert,Chuyên gia truyền thông
Làm thế nào để đảm bảo rằng microlearning phù hợp với mục tiêu học tập của học viên?,Communitation Expert,Chuyên gia truyền thông
Những nguyên tắc nào giúp tạo ra bài giảng microlearning hấp dẫn?,Communitation Expert,Chuyên gia truyền thông
Làm thế nào để đảm bảo rằng microlearning có thể được tiếp cận dễ dàng từ nhiều thiết bị khác nhau?,Communitation Expert,Chuyên gia truyền thông
Làm thế nào để tạo ra sự tương tác trong bài giảng microlearning?,Communitation Expert,Chuyên gia truyền thông
Làm thế nào để đảm bảo rằng microlearning có thể giúp học viên hiểu rõ các khái niệm phức tạp?,Communitation Expert,Chuyên gia truyền thông
Những yếu tố nào cần xem xét khi chọn công cụ để tạo bài giảng microlearning?,Communitation Expert,Chuyên gia truyền thông
Làm thế nào để tối ưu hóa việc sử dụng animation trong microlearning?,Communitation Expert,Chuyên gia truyền thông
Làm thế nào để thiết kế microlearning để phù hợp với học viên ở mọi độ tuổi?,Communitation Expert,Chuyên gia truyền thông
Làm thế nào để thiết kế microlearning phù hợp với nhiều môi trường học tập khác nhau?,Communitation Expert,Chuyên gia truyền thông
Microlearning là gì?,Communitation Expert,Chuyên gia truyền thông
Lợi ích của Microlearning là gì?,Communitation Expert,Chuyên gia truyền thông
Microlearning phù hợp với ai?,Communitation Expert,Chuyên gia truyền thông
Microlearning có thể ứng dụng trong các lĩnh vực nào?,Communitation Expert,Chuyên gia truyền thông
Làm thế nào để tạo ra một khóa học Microlearning hiệu quả?,Communitation Expert,Chuyên gia truyền thông
Một bài học Microlearning nên kéo dài bao lâu?,Communitation Expert,Chuyên gia truyền thông
Những yếu tố quan trọng nào cần xem xét khi thiết kế bài học Microlearning?,Communitation Expert,Chuyên gia truyền thông
Làm sao để đánh giá hiệu quả của một bài học Microlearning?,Communitation Expert,Chuyên gia truyền thông
Làm sao để thực hiện Microlearning trong một tổ chức lớn?,Communitation Expert,Chuyên gia truyền thông
Microlearning và eLearning có điểm gì khác biệt?,Communitation Expert,Chuyên gia truyền thông
Microlearning có thể được sử dụng như một phương pháp đào tạo chính hay không?,Communitation Expert,Chuyên gia truyền thông
Microlearning có thể kết hợp với các phương pháp đào tạo truyền thống không?,Communitation Expert,Chuyên gia truyền thông
Làm thế nào để tăng sự tham gia của người học trong Microlearning?,Communitation Expert,Chuyên gia truyền thông
Có công cụ nào giúp thiết kế và triển khai các bài học Microlearning không?,Communitation Expert,Chuyên gia truyền thông
Cần có kỹ năng gì để tạo ra các bài học Microlearning hiệu quả?,Communitation Expert,Chuyên gia truyền thông
Microlearning có thể ứng dụng trong mobile learning không?,Communitation Expert,Chuyên gia truyền thông
Các nền tảng nào hỗ trợ Microlearning tốt nhất?,Communitation Expert,Chuyên gia truyền thông
Microlearning có phù hợp với mọi lứa tuổi không?,Communitation Expert,Chuyên gia truyền thông
Làm thế nào để tạo ra nội dung Microlearning hấp dẫn?,Communitation Expert,Chuyên gia truyền thông
Microlearning có phù hợp với việc đào tạo kỹ năng mềm không?,Communitation Expert,Chuyên gia truyền thông
Có những hình thức nào của Microlearning?,Communitation Expert,Chuyên gia truyền thông
Cách đưa ra phản hồi cho người học trong Microlearning như thế nào?,Communitation Expert,Chuyên gia truyền thông
Cách đánh giá tiến trình học tập của người học trong Microlearning như thế nào?,Communitation Expert,Chuyên gia truyền thông
Làm sao để kích thích sự tò mò và ham học hỏi trong Microlearning?,Communitation Expert,Chuyên gia truyền thông
Những khó khăn gì thường gặp khi triển khai Microlearning?,Communitation Expert,Chuyên gia truyền thông
Những ưu điểm của Microlearning so với các phương pháp học tập truyền thống?,Communitation Expert,Chuyên gia truyền thông
Microlearning có thể giúp cải thiện kỹ năng giảng dạy của giáo viên không?,Communitation Expert,Chuyên gia truyền thông
Làm thế nào để tạo ra một kế hoạch Microlearning hiệu quả?,Communitation Expert,Chuyên gia truyền thông
Làm thế nào để đảm bảo người học tuân thủ nội dung Microlearning?,Communitation Expert,Chuyên gia truyền thông
Microlearning có thể giúp cải thiện kỹ năng tự học không?,Communitation Expert,Chuyên gia truyền thông
Cách tạo động lực cho người học trong Microlearning như thế nào?,Communitation Expert,Chuyên gia truyền thông
Cách tận dụng công nghệ trong việc triển khai Microlearning như thế nào?,Communitation Expert,Chuyên gia truyền thông
Cách tối ưu hóa quá trình học thông qua Microlearning?,Communitation Expert,Chuyên gia truyền thông
Cách tạo ra một môi trường học tập Microlearning hỗ trợ không?,Communitation Expert,Chuyên gia truyền thông
Làm thế nào để Microlearning phù hợp với nhu cầu học tập cá nhân của người học?,Communitation Expert,Chuyên gia truyền thông
Làm thế nào để tạo ra các bài học Microlearning đa phương tiện?,Communitation Expert,Chuyên gia truyền thông
Những xu hướng mới trong Microlearning là gì?,Communitation Expert,Chuyên gia truyền thông
Làm thế nào để tăng sự tương tác trong Microlearning?,Communitation Expert,Chuyên gia truyền thông
Làm thế nào để tạo ra các bài học Microlearning có tính thực hành cao?,Communitation Expert,Chuyên gia truyền thông
Làm thế nào để lựa chọn nội dung phù hợp cho Microlearning?,Communitation Expert,Chuyên gia truyền thông
Làm thế nào để quản lý thời gian trong việc triển khai Microlearning?,Communitation Expert,Chuyên gia truyền thông
Cách tạo ra các bài học Microlearning hỗ trợ nhu cầu đào tạo doanh nghiệp?,Communitation Expert,Chuyên gia truyền thông
Làm thế nào để sử dụng Microlearning trong việc đào tạo nhân sự?,Communitation Expert,Chuyên gia truyền thông
Cách tạo ra một chiến lược Microlearning hiệu quả?,Communitation Expert,Chuyên gia truyền thông
Microlearning có thể sử dụng trong đào tạo khách hàng không?,Communitation Expert,Chuyên gia truyền thông
Làm thế nào để tăng cường hiệu quả học tập thông qua Microlearning?,Communitation Expert,Chuyên gia truyền thông
Làm thế nào để kết hợp Microlearning với gamification?,Communitation Expert,Chuyên gia truyền thông
Làm thế nào để đưa ra đánh giá và phản hồi trong Microlearning?,Communitation Expert,Chuyên gia truyền thông
Làm thế nào để tối ưu hóa nội dung Microlearning cho thiết bị di động?,Communitation Expert,Chuyên gia truyền thông
Làm thế nào để đảm bảo người học hiểu và nhớ lâu thông tin từ Microlearning?,Communitation Expert,Chuyên gia truyền thông
Microlearning có thể ứng dụng trong đào tạo trực tuyến không?,Communitation Expert,Chuyên gia truyền thông
Microlearning có thể giúp tăng năng suất học tập không?,Communitation Expert,Chuyên gia truyền thông
Microlearning có thể giúp cải thiện khả năng tư duy phê phán không?,Communitation Expert,Chuyên gia truyền thông
Cách tạo ra một bài học Microlearning có tính tương tác?,Communitation Expert,Chuyên gia truyền thông
Làm thế nào để tạo ra nội dung Microlearning dễ nhớ?,Communitation Expert,Chuyên gia truyền thông
Làm thế nào để tạo ra các bài học Microlearning thú vị và hấp dẫn?,Communitation Expert,Chuyên gia truyền thông
Làm thế nào để tạo ra nội dung Microlearning phù hợp với mọi loại người học?,Communitation Expert,Chuyên gia truyền thông
Làm thế nào để sử dụng Microlearning trong đào tạo chuyên sâu?,Communitation Expert,Chuyên gia truyền thông
Làm thế nào để đảm bảo chất lượng của bài học Microlearning?,Communitation Expert,Chuyên gia truyền thông
Làm thế nào để tạo ra các bài học Microlearning có tính ứng dụng cao?,Communitation Expert,Chuyên gia truyền thông
Làm thế nào để tăng cường sự tham gia của người học trong Microlearning?,Communitation Expert,Chuyên gia truyền thông
Làm thế nào để áp dụng Microlearning trong đào tạo ngắn hạn?,Communitation Expert,Chuyên gia truyền thông
Làm thế nào để tạo ra các bài học Microlearning phù hợp với nhu cầu học tập của từng người?,Communitation Expert,Chuyên gia truyền thông
Làm thế nào để sử dụng Microlearning để nâng cao khả năng ghi nhớ của người học?,Communitation Expert,Chuyên gia truyền thông
Làm thế nào để tạo ra các bài học Microlearning có thể áp dụng thực tế?,Communitation Expert,Chuyên gia truyền thông
Làm thế nào để tạo ra các bài học Microlearning phù hợp với các mô hình học tập khác nhau?,Communitation Expert,Chuyên gia truyền thông
Làm thế nào để áp dụng Microlearning trong đào tạo kỹ năng mới?,Communitation Expert,Chuyên gia truyền thông
Làm thế nào để tạo ra các bài học Microlearning có tính tham gia cao?,Communitation Expert,Chuyên gia truyền thông
Làm thế nào để tạo ra các bài học Microlearning phù hợp với khả năng tư duy của người học?,Communitation Expert,Chuyên gia truyền thông
Làm thế nào để sử dụng Microlearning để cải thiện kỹ năng giải quyết vấn đề?,Communitation Expert,Chuyên gia truyền thông
Làm thế nào để tạo ra các bài học Microlearning phù hợp với ngữ cảnh học tập cụ thể?,Communitation Expert,Chuyên gia truyền thông
Làm thế nào để tạo ra các bài học Microlearning hỗ trợ học tập suốt đời?,Communitation Expert,Chuyên gia truyền thông
Làm thế nào để tạo ra các bài học Microlearning hỗ trợ sự phát triển cá nhân?,Communitation Expert,Chuyên gia truyền thông
Làm thế nào để tạo ra các bài học Microlearning hỗ trợ sự phát triển nghề nghiệp?,Communitation Expert,Chuyên gia truyền thông
Làm thế nào để tạo ra các bài học Microlearning hỗ trợ sự hợp tác và làm việc nhóm?,Communitation Expert,Chuyên gia truyền thông
Làm thế nào để tạo ra các bài học Microlearning hỗ trợ việc đào tạo và phát triển lãnh đạo?,Communitation Expert,Chuyên gia truyền thông
Làm thế nào để tạo ra các bài học Microlearning hỗ trợ việc đào tạo và phát triển khả năng quản lý?,Communitation Expert,Chuyên gia truyền thông
Làm thế nào để tạo ra các bài học Microlearning hỗ trợ việc đào tạo và phát triển khả năng giao tiếp?,Communitation Expert,Chuyên gia truyền thông
Làm thế nào để tạo ra các bài học Microlearning hỗ trợ việc đào tạo và phát triển kỹ năng tự quản lý?,Communitation Expert,Chuyên gia truyền thông
Làm thế nào để tạo ra các bài học Microlearning hỗ trợ việc đào tạo và phát triển kỹ năng lập kế hoạch và tổ chức?,Communitation Expert,Chuyên gia truyền thông
Làm thế nào để tạo ra các bài học Microlearning hỗ trợ việc đào tạo và phát triển kỹ năng tư duy phê phán?,Communitation Expert,Chuyên gia truyền thông
Làm thế nào để tạo ra các bài học Microlearning hỗ trợ việc đào tạo và phát triển kỹ năng tư duy sáng tạo?,Communitation Expert,Chuyên gia truyền thông
Làm thế nào để tạo ra các bài học Microlearning hỗ trợ việc đào tạo và phát triển kỹ năng tư duy lập luận?,Communitation Expert,Chuyên gia truyền thông
Làm thế nào để tạo ra các bài học Microlearning hỗ trợ việc đào tạo và phát triển kỹ năng tư duy phân tích?,Communitation Expert,Chuyên gia truyền thông
Làm thế nào để tạo ra các bài học Microlearning hỗ trợ việc đào tạo và phát triển kỹ năng quản lý thời gian?,Communitation Expert,Chuyên gia truyền thông
Làm thế nào để tạo ra các bài học Microlearning hỗ trợ việc đào tạo và phát triển kỹ năng tự học?,Communitation Expert,Chuyên gia truyền thông
Làm thế nào để tạo ra các bài học Microlearning hỗ trợ việc đào tạo và phát triển kỹ năng tự giác?,Communitation Expert,Chuyên gia truyền thông
Làm thế nào để tạo ra các bài học Microlearning hỗ trợ việc đào tạo và phát triển kỹ năng tự định hướng?,Communitation Expert,Chuyên gia truyền thông
Làm thế nào để tạo ra các bài học Microlearning hỗ trợ việc đào tạo và phát triển kỹ năng tự quản lý cảm xúc?,Communitation Expert,Chuyên gia truyền thông
Làm thế nào để tạo ra các bài học Microlearning hỗ trợ việc đào tạo và phát triển kỹ năng tự quản lý áp lực?,Communitation Expert,Chuyên gia truyền thông
Bài học Microlearning này có mục tiêu cụ thể hay không?,Evaluation Expert,Chuyên gia về đánh giá bài giảng Microlearning
Bài học này có cung cấp kiến thức mới không?,Evaluation Expert,Chuyên gia về đánh giá bài giảng Microlearning
Có tương tác giữa học viên và nội dung không?,Evaluation Expert,Chuyên gia về đánh giá bài giảng Microlearning
Bài học có cung cấp kiến thức theo từng phần nhỏ không?,Evaluation Expert,Chuyên gia về đánh giá bài giảng Microlearning
Có bài tập hay thử thách nào sau mỗi bài học không?,Evaluation Expert,Chuyên gia về đánh giá bài giảng Microlearning
Bài học có sử dụng các công cụ hỗ trợ học tập hiệu quả không?,Evaluation Expert,Chuyên gia về đánh giá bài giảng Microlearning
Nội dung có được cung cấp thông qua các hình thức truyền thông đa dạng không?,Evaluation Expert,Chuyên gia về đánh giá bài giảng Microlearning
Bài học có được thiết kế để học viên có thể hoàn thành trong một thời gian ngắn không?,Evaluation Expert,Chuyên gia về đánh giá bài giảng Microlearning
Bài học có cung cấp phản hồi cho học viên không?,Evaluation Expert,Chuyên gia về đánh giá bài giảng Microlearning
Bài học có khả năng tùy chỉnh theo nhu cầu của học viên không?,Evaluation Expert,Chuyên gia về đánh giá bài giảng Microlearning
Bài học có khả năng theo dõi tiến trình học tập của học viên không?,Evaluation Expert,Chuyên gia về đánh giá bài giảng Microlearning
Có phương pháp đánh giá hiệu quả bài học sau khi hoàn thành không?,Evaluation Expert,Chuyên gia về đánh giá bài giảng Microlearning
Có khả năng tái sử dụng nội dung học tập không?,Evaluation Expert,Chuyên gia về đánh giá bài giảng Microlearning
"Bài học có hỗ trợ việc học mọi lúc, mọi nơi không?",Evaluation Expert,Chuyên gia về đánh giá bài giảng Microlearning
Bài học có được thiết kế theo nhu cầu của đối tượng học viên không?,Evaluation Expert,Chuyên gia về đánh giá bài giảng Microlearning
Bài học có phù hợp với trình độ của học viên không?,Evaluation Expert,Chuyên gia về đánh giá bài giảng Microlearning
Bài học có giúp học viên tiếp cận kiến thức mới một cách dễ dàng không?,Evaluation Expert,Chuyên gia về đánh giá bài giảng Microlearning
Các ví dụ và ứng dụng thực tế được đưa vào bài học có hữu ích không?,Evaluation Expert,Chuyên gia về đánh giá bài giảng Microlearning
Có cung cấp nội dung bổ sung để mở rộng kiến thức không?,Evaluation Expert,Chuyên gia về đánh giá bài giảng Microlearning
Bài học có giúp học viên nắm vững kiến thức mà không cần học lại không?,Evaluation Expert,Chuyên gia về đánh giá bài giảng Microlearning
Bài học có đảm bảo rằng học viên hiểu đúng và đầy đủ về kiến thức không?,Evaluation Expert,Chuyên gia về đánh giá bài giảng Microlearning
Bài học có đánh giá sự tiếp thu kiến thức của học viên không?,Evaluation Expert,Chuyên gia về đánh giá bài giảng Microlearning
Bài học có cung cấp cơ hội cho học viên thực hành không?,Evaluation Expert,Chuyên gia về đánh giá bài giảng Microlearning
Bài học có kết hợp giữa lý thuyết và thực hành không?,Evaluation Expert,Chuyên gia về đánh giá bài giảng Microlearning
Bài học có giúp học viên áp dụng kiến thức vào thực tế không?,Evaluation Expert,Chuyên gia về đánh giá bài giảng Microlearning
Có chế độ hỗ trợ cho học viên khi gặp khó khăn không?,Evaluation Expert,Chuyên gia về đánh giá bài giảng Microlearning
Có cung cấp hướng dẫn chi tiết cho học viên không?,Evaluation Expert,Chuyên gia về đánh giá bài giảng Microlearning
Có cung cấp lịch trình học tập rõ ràng không?,Evaluation Expert,Chuyên gia về đánh giá bài giảng Microlearning
Có cung cấp đánh giá tự đánh giá sau mỗi bài học không?,Evaluation Expert,Chuyên gia về đánh giá bài giảng Microlearning
Có phương pháp đánh giá tiến trình học tập không?,Evaluation Expert,Chuyên gia về đánh giá bài giảng Microlearning
Bài học có kích thích sự tò mò và ham học hỏi của học viên không?,Evaluation Expert,Chuyên gia về đánh giá bài giảng Microlearning
Bài học có giúp học viên nâng cao kỹ năng tự học không?,Evaluation Expert,Chuyên gia về đánh giá bài giảng Microlearning
Bài học có giúp học viên cải thiện kỹ năng giải quyết vấn đề không?,Evaluation Expert,Chuyên gia về đánh giá bài giảng Microlearning
Bài học có thúc đẩy sự hợp tác và làm việc nhóm không?,Evaluation Expert,Chuyên gia về đánh giá bài giảng Microlearning
Bài học có tạo cơ hội cho học viên tham gia vào quá trình học tập không?,Evaluation Expert,Chuyên gia về đánh giá bài giảng Microlearning
Có các bài kiểm tra định kỳ để kiểm tra sự hiểu biết của học viên không?,Evaluation Expert,Chuyên gia về đánh giá bài giảng Microlearning
Bài học có phương pháp đánh giá hiệu quả học tập không?,Evaluation Expert,Chuyên gia về đánh giá bài giảng Microlearning
Bài học có cung cấp cơ hội cho học viên phản hồi không?,Evaluation Expert,Chuyên gia về đánh giá bài giảng Microlearning
Các bài học được tổ chức theo trình tự logic không?,Evaluation Expert,Chuyên gia về đánh giá bài giảng Microlearning
Bài học có thể thích ứng với sự thay đổi của kiến thức không?,Evaluation Expert,Chuyên gia về đánh giá bài giảng Microlearning
Có công cụ đánh giá và theo dõi tiến trình học tập không?,Evaluation Expert,Chuyên gia về đánh giá bài giảng Microlearning
Bài học có giúp học viên phát triển tư duy phản biện không?,Evaluation Expert,Chuyên gia về đánh giá bài giảng Microlearning
Bài học có hỗ trợ việc học trực tuyến không?,Evaluation Expert,Chuyên gia về đánh giá bài giảng Microlearning
Có cung cấp tài liệu tham khảo phong phú không?,Evaluation Expert,Chuyên gia về đánh giá bài giảng Microlearning
Bài học có hỗ trợ việc học thông qua thiết bị di động không?,Evaluation Expert,Chuyên gia về đánh giá bài giảng Microlearning
Bài học có được cập nhật thường xuyên không?,Evaluation Expert,Chuyên gia về đánh giá bài giảng Microlearning
Bài học có giúp học viên nhớ lâu không?,Evaluation Expert,Chuyên gia về đánh giá bài giảng Microlearning
Bài học có giúp học viên cảm thấy tự tin hơn không?,Evaluation Expert,Chuyên gia về đánh giá bài giảng Microlearning
Bài học có thực sự hấp dẫn và giữ được sự chú ý của học viên không?,Evaluation Expert,Chuyên gia về đánh giá bài giảng Microlearning
Có chế độ hỗ trợ cho học viên khi học một mình không?,Evaluation Expert,Chuyên gia về đánh giá bài giảng Microlearning
Có cung cấp cơ hội cho học viên thảo luận và chia sẻ ý kiến không?,Evaluation Expert,Chuyên gia về đánh giá bài giảng Microlearning
Bài học có đánh giá khả năng tư duy sáng tạo của học viên không?,Evaluation Expert,Chuyên gia về đánh giá bài giảng Microlearning
Bài học có giúp học viên thực hiện các tác vụ một cách hiệu quả hơn không?,Evaluation Expert,Chuyên gia về đánh giá bài giảng Microlearning
Bài học có dễ tiếp cận không?,Evaluation Expert,Chuyên gia về đánh giá bài giảng Microlearning
Có cung cấp dịch vụ hỗ trợ sau khóa học không?,Evaluation Expert,Chuyên gia về đánh giá bài giảng Microlearning
Có công cụ đo lường hài lòng của học viên không?,Evaluation Expert,Chuyên gia về đánh giá bài giảng Microlearning
Bài học có phù hợp với môi trường học tập của học viên không?,Evaluation Expert,Chuyên gia về đánh giá bài giảng Microlearning
Bài học có giúp học viên nâng cao sự tự tin trong việc sử dụng công nghệ không?,Evaluation Expert,Chuyên gia về đánh giá bài giảng Microlearning
Bài học có giúp học viên phát triển kỹ năng giao tiếp không?,Evaluation Expert,Chuyên gia về đánh giá bài giảng Microlearning
Bài học có giúp học viên phát triển kỹ năng lãnh đạo không?,Evaluation Expert,Chuyên gia về đánh giá bài giảng Microlearning
Bài học có giúp học viên hiểu rõ hơn về văn hóa của tổ chức không?,Evaluation Expert,Chuyên gia về đánh giá bài giảng Microlearning
Bài học có giúp học viên phát triển kỹ năng quản lý thời gian không?,Evaluation Expert,Chuyên gia về đánh giá bài giảng Microlearning
Bài học có giúp học viên phát triển kỹ năng tự đánh giá không?,Evaluation Expert,Chuyên gia về đánh giá bài giảng Microlearning
Bài học có giúp học viên phát triển kỹ năng tự quản lý không?,Evaluation Expert,Chuyên gia về đánh giá bài giảng Microlearning
Bài học có cung cấp đủ thông tin để học viên tiếp tục học sau khóa học không?,Evaluation Expert,Chuyên gia về đánh giá bài giảng Microlearning
Bài học có giúp học viên nắm bắt được xu hướng mới trong lĩnh vực học không?,Evaluation Expert,Chuyên gia về đánh giá bài giảng Microlearning
Bài học có thể áp dụng được vào môi trường công việc thực tế của học viên không?,Evaluation Expert,Chuyên gia về đánh giá bài giảng Microlearning
Bài học có đánh giá được sự tiến bộ của học viên qua thời gian không?,Evaluation Expert,Chuyên gia về đánh giá bài giảng Microlearning
Có cung cấp cơ hội cho học viên nhận xét và đánh giá bài học không?,Evaluation Expert,Chuyên gia về đánh giá bài giảng Microlearning
Bài học có cung cấp cơ hội cho học viên thực hành kỹ năng mềm không?,Evaluation Expert,Chuyên gia về đánh giá bài giảng Microlearning
Bài học có giúp học viên phát triển tư duy phân loại không?,Evaluation Expert,Chuyên gia về đánh giá bài giảng Microlearning
Bài học có giúp học viên phát triển tư duy phân tích không?,Evaluation Expert,Chuyên gia về đánh giá bài giảng Microlearning
Bài học có giúp học viên phát triển tư duy đánh giá không?,Evaluation Expert,Chuyên gia về đánh giá bài giảng Microlearning
Bài học có giúp học viên phát triển tư duy đề xuất không?,Evaluation Expert,Chuyên gia về đánh giá bài giảng Microlearning
Bài học có giúp học viên phát triển tư duy tạo ra ý tưởng mới không?,Evaluation Expert,Chuyên gia về đánh giá bài giảng Microlearning
Bài học có giúp học viên phát triển kỹ năng tự đề ra mục tiêu không?,Evaluation Expert,Chuyên gia về đánh giá bài giảng Microlearning
Bài học có giúp học viên phát triển kỹ năng tự kiểm soát không?,Evaluation Expert,Chuyên gia về đánh giá bài giảng Microlearning
Bài học có giúp học viên phát triển kỹ năng tự giải quyết vấn đề không?,Evaluation Expert,Chuyên gia về đánh giá bài giảng Microlearning
Bài học có giúp học viên phát triển kỹ năng tự học không?,Evaluation Expert,Chuyên gia về đánh giá bài giảng Microlearning
Bài học có giúp học viên phát triển kỹ năng tự đánh giá không?,Evaluation Expert,Chuyên gia về đánh giá bài giảng Microlearning
Bài học có giúp học viên phát triển kỹ năng tự định hướng không?,Evaluation Expert,Chuyên gia về đánh giá bài giảng Microlearning
Bài học có giúp học viên phát triển kỹ năng tự quản lý thời gian không?,Evaluation Expert,Chuyên gia về đánh giá bài giảng Microlearning
Bài học có giúp học viên phát triển kỹ năng tự xác định ưu tiên không?,Evaluation Expert,Chuyên gia về đánh giá bài giảng Microlearning
Bài học có giúp học viên phát triển kỹ năng tự quản lý tài nguyên không?,Evaluation Expert,Chuyên gia về đánh giá bài giảng Microlearning
Bài học có giúp học viên phát triển kỹ năng tự điều chỉnh hành vi không?,Evaluation Expert,Chuyên gia về đánh giá bài giảng Microlearning
Bài học có giúp học viên phát triển kỹ năng tự kiểm soát cảm xúc không?,Evaluation Expert,Chuyên gia về đánh giá bài giảng Microlearning
Bài học có giúp học viên phát triển kỹ năng tự đặt câu hỏi không?,Evaluation Expert,Chuyên gia về đánh giá bài giảng Microlearning
Bài học có giúp học viên phát triển kỹ năng tự tìm kiếm thông tin không?,Evaluation Expert,Chuyên gia về đánh giá bài giảng Microlearning
Bài học có giúp học viên phát triển kỹ năng tự lựa chọn nguồn thông tin không?,Evaluation Expert,Chuyên gia về đánh giá bài giảng Microlearning
Bài học có giúp học viên phát triển kỹ năng tự đánh giá nguồn thông tin không?,Evaluation Expert,Chuyên gia về đánh giá bài giảng Microlearning
Bài học có giúp học viên phát triển kỹ năng tự so sánh và đối chiếu thông tin không?,Evaluation Expert,Chuyên gia về đánh giá bài giảng Microlearning
Bài học có giúp học viên phát triển kỹ năng tự xây dựng kiến thức không?,Evaluation Expert,Chuyên gia về đánh giá bài giảng Microlearning
Bài học có giúp học viên phát triển kỹ năng tự cập nhật kiến thức không?,Evaluation Expert,Chuyên gia về đánh giá bài giảng Microlearning
Bài học có giúp học viên phát triển kỹ năng tự kỷ luật không?,Evaluation Expert,Chuyên gia về đánh giá bài giảng Microlearning
Bài học có giúp học viên phát triển kỹ năng tự chịu trách nhiệm không?,Evaluation Expert,Chuyên gia về đánh giá bài giảng Microlearning
Bài học có giúp học viên phát triển kỹ năng tự phát triển không?,Evaluation Expert,Chuyên gia về đánh giá bài giảng Microlearning
Bài học có giúp học viên phát triển kỹ năng tự định hình bản thân không?,Evaluation Expert,Chuyên gia về đánh giá bài giảng Microlearning
Bài học có giúp học viên phát triển kỹ năng tự định hình con đường sự nghiệp không?,Evaluation Expert,Chuyên gia về đánh giá bài giảng Microlearning
Bài học có giúp học viên phát triển kỹ năng tự định hình mục tiêu cuộc sống không?,Evaluation Expert,Chuyên gia về đánh giá bài giảng Microlearning
Bài học có giúp học viên phát triển kỹ năng tự xác định giá trị cuộc sống không?,Evaluation Expert,Chuyên gia về đánh giá bài giảng Microlearning
Mục tiêu hiệu suất?,Design Expert,Chuyên gia về thiết kế bài giảng Microlearning
"Vui lòng xác định mục tiêu hiệu suất bao gồm: Người học, Mục tiêu cuối cùng, và Các mục tiêu hỗ trợ",Design Expert,Chuyên gia về thiết kế bài giảng Microlearning
"Sau khi hoàn thành khóa học này, {Ai sẽ tham gia chương trình học này?} sẽ có thể {Sau khi hoàn thành chương trình, người học sẽ có thể làm gì? Hãy mô tả cụ thể hành động hoặc kết quả mà bạn kỳ vọng.}. Để đạt được những kết quả này, họ cần phải học và hiểu {Những kỹ năng hoặc kiến thức nào cần được học để đạt được hành động hoặc kết quả mà bạn kỳ vọng?}. Vui lòng xác định mục tiêu hiệu suất bao gồm: Người học, Mục tiêu cuối cùng, và Các mục tiêu hỗ trợ",Design Expert,Chuyên gia về thiết kế bài giảng Microlearning
